葡语,中文,词性,单元,难度
olá,你好,感叹词,1-U1,1
oi,嗨,感叹词,1-U1,1
bom dia,早上好,短语,1-U1,1
boa tarde,下午好,短语,1-U1,1
boa noite,晚上好/晚安,短语,1-U1,1
tchau,再见,感叹词,1-U1,1
até logo,回头见,短语,1-U1,1
até amanhã,明天见,短语,1-U1,1
até já,一会儿见,短语,1-U1,1
obrigado,谢谢（男）,感叹词,1-U1,1
obrigada,谢谢（女）,感叹词,1-U1,1
muito obrigado,非常感谢,短语,1-U1,1
de nada,不客气,短语,1-U1,1
por favor,请,短语,1-U1,1
com licença,打扰一下,短语,1-U1,1
desculpa,对不起,感叹词,1-U1,1
desculpe,对不起（正式）,感叹词,1-U1,1
saúde,干杯/健康,名词,1-U1,1
como está,你好吗,短语,1-U1,1
bem,好地,副词,1-U1,1
mal,坏地,副词,1-U1,1
mais ou menos,一般般,短语,1-U1,1
ser,是（永久性）,动词,1-U2,1
estar,是/在（临时性）,动词,1-U2,1
ter,有,动词,1-U2,1
fazer,做/制造,动词,1-U2,2
ir,去,动词,1-U2,1
vir,来,动词,1-U2,1
poder,能够,动词,1-U2,2
querer,想要,动词,1-U2,2
saber,知道,动词,1-U2,2
conhecer,认识/了解,动词,1-U2,2
haver,有/存在,动词,1-U2,2
dar,给,动词,1-U2,2
ver,看见,动词,1-U2,1
ouvir,听,动词,1-U2,1
sentir,感觉,动词,1-U2,2
partir,离开,动词,1-U2,2
chegar,到达,动词,1-U2,2
voltar,返回,动词,1-U2,2
entrar,进入,动词,1-U2,2
sair,离开/出去,动词,1-U2,2
viver,生活/居住,动词,1-U2,2
morrer,死亡,动词,1-U2,2
nascer,出生,动词,1-U2,2
abrir,打开,动词,1-U2,2
fechar,关闭,动词,1-U2,2
começar,开始,动词,1-U2,2
terminar,结束,动词,1-U2,2
continuar,继续,动词,1-U2,2
esperar,等待/希望,动词,1-U2,2
falar,说话,动词,1-U3,1
dizer,说,动词,1-U3,2
conversar,交谈,动词,1-U3,2
perguntar,问,动词,1-U3,2
responder,回答,动词,1-U3,2
explicar,解释,动词,1-U3,2
mostrar,展示,动词,1-U3,2
escutar,倾听,动词,1-U3,2
comer,吃,动词,1-U3,1
beber,喝,动词,1-U3,1
dormir,睡觉,动词,1-U3,1
acordar,醒来,动词,1-U3,1
levantar-se,起床,动词,1-U3,2
vestir-se,穿衣,动词,1-U3,2
lavar-se,洗漱,动词,1-U3,2
preparar,准备,动词,1-U3,2
trabalhar,工作,动词,1-U3,1
estudar,学习,动词,1-U3,1
ler,阅读,动词,1-U3,1
escrever,写,动词,1-U3,1
aprender,学会,动词,1-U3,1
ensinar,教,动词,1-U3,1
ajudar,帮助,动词,1-U3,1
gostar,喜欢,动词,1-U3,1
amar,爱,动词,1-U3,1
adorar,热爱,动词,1-U3,2
odiar,讨厌,动词,1-U3,2
precisar,需要,动词,1-U3,1
desejar,渴望,动词,1-U3,2
tentar,尝试,动词,1-U3,2
conseguir,能够做到,动词,1-U3,2
pensar,思考,动词,1-U3,2
acreditar,相信,动词,1-U3,2
duvidar,怀疑,动词,1-U3,2
decidir,决定,动词,1-U3,2
escolher,选择,动词,1-U3,2
mudar,改变,动词,1-U3,2
melhorar,改善,动词,1-U3,2
piorar,恶化,动词,1-U3,2
crescer,成长,动词,1-U3,2
desenvolver,发展,动词,1-U3,2
eu,我,代词,1-U4,1
tu,你,代词,1-U4,1
você,您,代词,1-U4,1
ele,他,代词,1-U4,1
ela,她,代词,1-U4,1
nós,我们,代词,1-U4,1
vós,你们,代词,1-U4,2
eles,他们（男/混合）,代词,1-U4,1
elas,她们,代词,1-U4,1
me,我（宾格）,代词,1-U4,1
te,你（宾格）,代词,1-U4,1
o,他（宾格）,代词,1-U4,1
a,她（宾格）,代词,1-U4,1
nos,我们（宾格）,代词,1-U4,1
vos,你们（宾格）,代词,1-U4,2
meu,我的（阳）,代词,1-U4,1
minha,我的（阴）,代词,1-U4,1
teu,你的（阳）,代词,1-U4,1
tua,你的（阴）,代词,1-U4,1
seu,您的/他的（阳）,代词,1-U4,1
sua,您的/她的（阴）,代词,1-U4,1
nosso,我们的（阳）,代词,1-U4,1
nossa,我们的（阴）,代词,1-U4,1
vosso,你们的（阳）,代词,1-U4,2
vossa,你们的（阴）,代词,1-U4,2
deles,他们的,代词,1-U4,1
delas,她们的,代词,1-U4,1
este,这个（近处）,代词,1-U4,1
esta,这个（阴）,代词,1-U4,1
isto,这个（中性）,代词,1-U4,1
esse,那个（近处二）,代词,1-U4,1
essa,那个（阴）,代词,1-U4,1
isso,那个（中性）,代词,1-U4,1
aquele,那个（远处）,代词,1-U4,1
aquela,那个（阴远处）,代词,1-U4,1
aquilo,那个（中性远处）,代词,1-U4,1
quem,谁,代词,1-U5,1
que,什么/那个,代词,1-U5,1
qual,哪个,代词,1-U5,1
quais,哪些,代词,1-U5,1
cujo,其（所属关系）,代词,1-U5,2
onde,哪里,副词,1-U5,1
quando,什么时候,副词,1-U5,1
como,怎么/如何,副词,1-U5,1
porquê,为什么,副词,1-U5,1
quanto,多少（数量）,副词,1-U5,1
quão,多么,副词,1-U5,2
tão,如此/这么,副词,1-U5,1
muito,很/非常/很多,副词/形容词,1-U5,1
pouco,少量/很少,副词/形容词,1-U5,1
bastante,足够/相当,副词/形容词,1-U5,2
demais,太多/过分,副词,1-U5,2
bom,好的（阳）,形容词,1-U6,1
boa,好的（阴）,形容词,1-U6,1
mau,坏的（阳）,形容词,1-U6,1
má,坏的（阴）,形容词,1-U6,1
ruim,坏的,形容词,1-U6,1
ótimo,极好的,形容词,1-U6,2
péssimo,极差的,形容词,1-U6,2
grande,大的,形容词,1-U6,1
pequeno,小的,形容词,1-U6,1
alto,高的,形容词,1-U6,1
baixo,矮的/低的,形容词,1-U6,1
largo,宽的,形容词,1-U6,1
estreito,窄的,形容词,1-U6,1
longo,长的,形容词,1-U6,1
curto,短的,形容词,1-U6,1
grosso,厚的/粗的,形容词,1-U6,2
fino,薄的/细的,形容词,1-U6,2
forte,强壮的,形容词,1-U6,1
fraco,虚弱的,形容词,1-U6,1
novo,新的,形容词,1-U6,1
velho,旧的/老的,形容词,1-U6,1
jovem,年轻的,形容词,1-U6,1
antigo,古老的/以前的,形容词,1-U6,2
moderno,现代的,形容词,1-U6,2
bonito,漂亮的,形容词,1-U6,1
feio,丑陋的,形容词,1-U6,1
lindo,美丽的,形容词,1-U6,2
belo,优美的,形容词,1-U6,2
feliz,幸福的,形容词,1-U6,1
triste,悲伤的,形容词,1-U6,1
alegre,快乐的,形容词,1-U6,2
contente,高兴的,形容词,1-U6,2
tranquilo,平静的,形容词,1-U6,2
nervoso,紧张的,形容词,1-U6,2
calmo,冷静的,形容词,1-U6,2
agitado,激动的,形容词,1-U6,2
rico,富有的,形容词,1-U6,1
pobre,贫穷的,形容词,1-U6,1
fácil,容易的,形容词,1-U6,1
difícil,困难的,形容词,1-U6,1
simples,简单的,形容词,1-U6,2
complicado,复杂的,形容词,1-U6,2
caro,贵的,形容词,1-U6,1
barato,便宜的,形容词,1-U6,1
quente,热的,形容词,1-U6,1
frio,冷的,形容词,1-U6,1
doce,甜的,形容词,1-U6,1
amargo,苦的,形容词,1-U6,1
salgado,咸的,形容词,1-U6,1
azedo,酸的,形容词,1-U6,2
fresco,新鲜的,形容词,1-U6,2
pessoa,人,名词,1-U7,1
gente,人们,名词,1-U7,1
homem,男人,名词,1-U7,1
mulher,女人,名词,1-U7,1
criança,孩子,名词,1-U7,1
bebé,婴儿,名词,1-U7,1
adulto,成年人,名词,1-U7,1
idoso,老年人,名词,1-U7,2
amigo,朋友（男）,名词,1-U7,1
amiga,朋友（女）,名词,1-U7,1
colega,同事/同学,名词,1-U7,1
vizinho,邻居,名词,1-U7,1
família,家庭,名词,1-U7,1
pai,父亲,名词,1-U7,1
mãe,母亲,名词,1-U7,1
filho,儿子,名词,1-U7,1
filha,女儿,名词,1-U7,1
irmão,兄弟,名词,1-U7,1
irmã,姐妹,名词,1-U7,1
marido,丈夫,名词,1-U7,1
esposa,妻子,名词,1-U7,1
noivo,未婚夫,名词,1-U7,2
noiva,未婚妻,名词,1-U7,2
avô,祖父,名词,1-U7,1
avó,祖母,名词,1-U7,1
neto,孙子,名词,1-U7,2
neta,孙女,名词,1-U7,2
tio,叔叔/舅舅,名词,1-U7,1
tia,阿姨/姑姑,名词,1-U7,1
primo,表兄弟,名词,1-U7,1
prima,表姐妹,名词,1-U7,1
sogro,岳父,名词,1-U7,2
sogra,岳母,名词,1-U7,2
genro,女婿,名词,1-U7,2
nora,儿媳,名词,1-U7,2
padrasto,继父,名词,1-U7,2
madrasta,继母,名词,1-U7,2
enteados,继子女,名词,1-U7,2
casa,家/房子,名词,1-U8,1
apartamento,公寓,名词,1-U8,2
andar,楼层,名词,1-U8,1
quarto,房间/卧室,名词,1-U8,1
sala,客厅/房间,名词,1-U8,1
sala de estar,客厅,名词,1-U8,1
sala de jantar,餐厅,名词,1-U8,1
cozinha,厨房,名词,1-U8,1
banheiro,浴室（巴葡）,名词,1-U8,1
casa de banho,浴室（葡葡）,名词,1-U8,1
varanda,阳台,名词,1-U8,1
corredor,走廊,名词,1-U8,2
escada,楼梯,名词,1-U8,1
elevador,电梯,名词,1-U8,2
porta,门,名词,1-U8,1
janela,窗户,名词,1-U8,1
parede,墙壁,名词,1-U8,1
teto,天花板,名词,1-U8,1
chão,地板,名词,1-U8,1
móvel,家具,名词,1-U8,2
mesa,桌子,名词,1-U8,1
cadeira,椅子,名词,1-U8,1
sofá,沙发,名词,1-U8,1
cama,床,名词,1-U8,1
armário,衣柜/橱柜,名词,1-U8,1
estante,书架,名词,1-U8,2
fogão,炉灶,名词,1-U8,2
geladeira,冰箱（巴葡）,名词,1-U8,2
frigorífico,冰箱（葡葡）,名词,1-U8,2
máquina de lavar,洗衣机,名词,1-U8,2
televisão,电视,名词,1-U8,1
computador,电脑,名词,1-U8,2
escola,学校,名词,1-U9,1
universidade,大学,名词,1-U9,1
faculdade,学院,名词,1-U9,2
colégio,中学,名词,1-U9,2
jardim de infância,幼儿园,名词,1-U9,2
aula,课堂/课程,名词,1-U9,1
matéria,科目,名词,1-U9,2
disciplina,学科,名词,1-U9,2
professor,老师（男）,名词,1-U9,1
professora,老师（女）,名词,1-U9,1
aluno,学生（男）,名词,1-U9,1
aluna,学生（女）,名词,1-U9,1
cadeira,椅子/大学课程,名词,1-U9,2
livro,书,名词,1-U9,1
caderno,笔记本,名词,1-U9,1
caneta,圆珠笔,名词,1-U9,1
lápis,铅笔,名词,1-U9,1
borracha,橡皮,名词,1-U9,2
mochila,书包,名词,1-U9,2
quadro,黑板,名词,1-U9,2
giz,粉笔,名词,1-U9,2
prova,考试,名词,1-U9,2
teste,测验,名词,1-U9,2
trabalho,作业/工作,名词,1-U9,1
nota,分数,名词,1-U9,1
passar,通过/经过,动词,1-U9,2
reprovar,不及格,动词,1-U9,2
formar-se,毕业,动词,1-U9,2
cidade,城市,名词,1-U10,1
vila,村庄,名词,1-U10,2
bairro,社区/街区,名词,1-U10,2
rua,街道,名词,1-U10,1
avenida,大街,名词,1-U10,2
praça,广场,名词,1-U10,1
parque,公园,名词,1-U10,1
jardim,花园,名词,1-U10,2
ponte,桥,名词,1-U10,2
rio,河流,名词,1-U10,2
mar,大海,名词,1-U10,2
montanha,山,名词,1-U10,2
centro,中心,名词,1-U10,1
periferia,郊区,名词,1-U10,2
igreja,教堂,名词,1-U10,2
catedral,大教堂,名词,1-U10,2
museu,博物馆,名词,1-U10,2
teatro,剧院,名词,1-U10,2
cinema,电影院,名词,1-U10,2
biblioteca,图书馆,名词,1-U10,2
hospital,医院,名词,1-U10,2
farmácia,药店,名词,1-U10,2
mercado,市场,名词,1-U10,1
supermercado,超市,名词,1-U10,2
loja,商店,名词,1-U10,1
restaurante,餐厅,名词,1-U10,2
café,咖啡馆,名词,1-U10,1
bar,酒吧,名词,1-U10,2
hotel,酒店,名词,1-U10,2
aeroporto,机场,名词,1-U10,2
estação,车站,名词,1-U10,2
porto,港口,名词,1-U10,2
praia,海滩,名词,1-U10,2
campo,田野/场地,名词,1-U10,2
floresta,森林,名词,1-U10,2
país,国家,名词,1-U11,1
Brasil,巴西,名词,1-U11,1
Portugal,葡萄牙,名词,1-U11,1
Angola,安哥拉,名词,1-U11,1
Moçambique,莫桑比克,名词,1-U11,1
Cabo Verde,佛得角,名词,1-U11,2
Guiné-Bissau,几内亚比绍,名词,1-U11,2
São Tomé e Príncipe,圣多美和普林西比,名词,1-U11,2
Timor-Leste,东帝汶,名词,1-U11,2
brasileiro,巴西人/巴西的,名词/形容词,1-U11,1
português,葡萄牙人/葡萄牙语,名词,1-U11,1
angolano,安哥拉的,形容词,1-U11,2
moçambicano,莫桑比克的,形容词,1-U11,2
europeu,欧洲人,名词,1-U11,2
africano,非洲人,名词,1-U11,2
asiático,亚洲人,名词,1-U11,2
americano,美洲人/美国人,名词,1-U11,2
língua,语言,名词,1-U11,1
idioma,语言,名词,1-U11,2
inglês,英语/英国人,名词,1-U11,1
espanhol,西班牙语,名词,1-U11,1
francês,法语,名词,1-U11,1
alemão,德语,名词,1-U11,1
italiano,意大利语,名词,1-U11,1
russo,俄语,名词,1-U11,2
japonês,日语,名词,1-U11,2
chinês,中文,名词,1-U11,2
árabe,阿拉伯语,名词,1-U11,2
falar,说（语言）,动词,1-U11,1
compreender,理解,动词,1-U11,2
traduzir,翻译,动词,1-U11,2
interpretar,口译,动词,1-U11,2
um,一,数词,1-U12,1
dois,二,数词,1-U12,1
três,三,数词,1-U12,1
quatro,四,数词,1-U12,1
cinco,五,数词,1-U12,1
seis,六,数词,1-U12,1
sete,七,数词,1-U12,1
oito,八,数词,1-U12,1
nove,九,数词,1-U12,1
dez,十,数词,1-U12,1
onze,十一,数词,1-U12,1
doze,十二,数词,1-U12,1
treze,十三,数词,1-U12,1
catorze,十四,数词,1-U12,1
quinze,十五,数词,1-U12,1
dezasseis,十六,数词,1-U12,2
dezassete,十七,数词,1-U12,2
dezoito,十八,数词,1-U12,1
dezanove,十九,数词,1-U12,2
vinte,二十,数词,1-U12,1
trinta,三十,数词,1-U12,1
quarenta,四十,数词,1-U12,1
cinquenta,五十,数词,1-U12,1
sessenta,六十,数词,1-U12,1
setenta,七十,数词,1-U12,1
oitenta,八十,数词,1-U12,1
noventa,九十,数词,1-U12,1
cem,一百,数词,1-U12,1
cento,一百（后接数字）,数词,1-U12,1
duzentos,二百,数词,1-U12,2
trezentos,三百,数词,1-U12,2
quatrocentos,四百,数词,1-U12,2
quinhentos,五百,数词,1-U12,2
seiscentos,六百,数词,1-U12,2
setecentos,七百,数词,1-U12,2
oitocentos,八百,数词,1-U12,2
novecentos,九百,数词,1-U12,2
mil,一千,数词,1-U12,1
milhão,一百万,数词,1-U12,2
primeiro,第一,数词,1-U12,1
segundo,第二,数词,1-U12,1
terceiro,第三,数词,1-U12,1
quarto,第四,数词,1-U12,1
quinto,第五,数词,1-U12,1
sexto,第六,数词,1-U12,1
sétimo,第七,数词,1-U12,1
oitavo,第八,数词,1-U12,1
nono,第九,数词,1-U12,1
décimo,第十,数词,1-U12,1
hoje,今天,副词,1-U13,1
ontem,昨天,副词,1-U13,1
amanhã,明天,副词,1-U13,1
agora,现在,副词,1-U13,1
depois,之后,副词,1-U13,1
antes,之前,副词,1-U13,1
cedo,早,副词,1-U13,1
tarde,晚/下午,副词/名词,1-U13,1
sempre,总是,副词,1-U13,1
nunca,从不,副词,1-U13,1
já,已经,副词,1-U13,1
ainda,仍然/还,副词,1-U13,1
logo,立刻,副词,1-U13,2
breve,不久,副词,1-U13,2
recentemente,最近,副词,1-U13,2
antigamente,以前,副词,1-U13,2
futuramente,将来,副词,1-U13,2
ano,年,名词,1-U13,1
mês,月,名词,1-U13,1
semana,星期,名词,1-U13,1
dia,天/日,名词,1-U13,1
hora,小时,名词,1-U13,1
minuto,分钟,名词,1-U13,1
segundo,秒,名词,1-U13,2
manhã,早晨,名词,1-U13,1
tarde,下午,名词,1-U13,1
noite,晚上,名词,1-U13,1
madrugada,凌晨,名词,1-U13,2
segunda-feira,星期一,名词,1-U13,1
terça-feira,星期二,名词,1-U13,1
quarta-feira,星期三,名词,1-U13,1
quinta-feira,星期四,名词,1-U13,1
sexta-feira,星期五,名词,1-U13,1
sábado,星期六,名词,1-U13,1
domingo,星期日,名词,1-U13,1
janeiro,一月,名词,1-U13,1
fevereiro,二月,名词,1-U13,1
março,三月,名词,1-U13,1
abril,四月,名词,1-U13,1
maio,五月,名词,1-U13,1
junho,六月,名词,1-U13,1
julho,七月,名词,1-U13,1
agosto,八月,名词,1-U13,1
setembro,九月,名词,1-U13,1
outubro,十月,名词,1-U13,1
novembro,十一月,名词,1-U13,1
dezembro,十二月,名词,1-U13,1
primavera,春天,名词,1-U14,1
verão,夏天,名词,1-U14,1
outono,秋天,名词,1-U14,1
inverno,冬天,名词,1-U14,1
tempo,时间/天气,名词,1-U14,1
clima,气候,名词,1-U14,2
temperatura,温度,名词,1-U14,2
sol,太阳,名词,1-U14,1
lua,月亮,名词,1-U14,1
estrela,星星,名词,1-U14,1
céu,天空,名词,1-U14,1
nuvem,云,名词,1-U14,1
chuva,雨,名词,1-U14,1
vento,风,名词,1-U14,1
neve,雪,名词,1-U14,1
calor,热,名词,1-U14,1
frio,冷,名词,1-U14,1
fresco,凉爽,形容词,1-U14,2
seco,干燥,形容词,1-U14,2
úmido,潮湿,形容词,1-U14,2
chuvoso,多雨的,形容词,1-U14,2
ensolarado,晴朗的,形容词,1-U14,2
cabeça,头,名词,1-U15,1
rosto,脸,名词,1-U15,1
olho,眼睛,名词,1-U15,1
nariz,鼻子,名词,1-U15,1
boca,嘴巴,名词,1-U15,1
lábio,嘴唇,名词,1-U15,2
dente,牙齿,名词,1-U15,1
língua,舌头/语言,名词,1-U15,1
orelha,耳朵,名词,1-U15,1
pescoço,脖子,名词,1-U15,1
ombro,肩膀,名词,1-U15,1
braço,手臂,名词,1-U15,1
cotovelo,肘部,名词,1-U15,2
punho,手腕,名词,1-U15,2
mão,手,名词,1-U15,1
dedo,手指,名词,1-U15,1
peito,胸部,名词,1-U15,1
barriga,肚子,名词,1-U15,1
costas,背部,名词,1-U15,1
perna,腿,名词,1-U15,1
joelho,膝盖,名词,1-U15,1
tornozelo,脚踝,名词,1-U15,2
pé,脚,名词,1-U15,1
pele,皮肤,名词,1-U15,2
osso,骨头,名词,1-U15,2
coração,心脏,名词,1-U15,2
sangue,血液,名词,1-U15,2
cérebro,大脑,名词,1-U15,2
pulmão,肺,名词,1-U15,2
estômago,胃,名词,1-U15,2
fígado,肝脏,名词,1-U15,2
rim,肾脏,名词,1-U15,2
saúde,健康,名词,2-U1,1
doença,疾病,名词,2-U1,2
dor,疼痛,名词,2-U1,2
febre,发烧,名词,2-U1,2
gripe,流感,名词,2-U1,2
resfriado,感冒,名词,2-U1,2
tosse,咳嗽,名词,2-U1,2
garganta,喉咙,名词,2-U1,2
remédio,药物,名词,2-U1,2
tratamento,治疗,名词,2-U1,2
médico,医生,名词,2-U1,1
médica,女医生,名词,2-U1,1
enfermeiro,护士（男）,名词,2-U1,1
enfermeira,护士（女）,名词,2-U1,1
dentista,牙医,名词,2-U1,2
cirurgião,外科医生,名词,2-U1,2
hospital,医院,名词,2-U1,2
clínica,诊所,名词,2-U1,2
consulta,就诊,名词,2-U1,2
exame,检查,名词,2-U1,2
cirurgia,手术,名词,2-U1,2
ambulância,救护车,名词,2-U1,2
carro,汽车,名词,2-U2,1
autocarro,公共汽车,名词,2-U2,2
camioneta,面包车,名词,2-U2,2
comboio,火车,名词,2-U2,2
trem,火车（巴葡）,名词,2-U2,2
metro,地铁,名词,2-U2,1
elétrico,有轨电车,名词,2-U2,2
avião,飞机,名词,2-U2,1
helicóptero,直升机,名词,2-U2,2
barco,船,名词,2-U2,1
navio,轮船,名词,2-U2,2
ferry,渡轮,名词,2-U2,2
bicicleta,自行车,名词,2-U2,1
moto,摩托车,名词,2-U2,1
taxi,出租车,名词,2-U2,1
camião,卡车,名词,2-U2,2
trator,拖拉机,名词,2-U2,2
carruagem,马车,名词,2-U2,2
andar,行走/行驶,动词,2-U2,2
conduzir,驾驶,动词,2-U2,2
viajar,旅行,动词,2-U2,1
chegar,到达,动词,2-U2,1
partir,离开,动词,2-U2,2
passagem,车票/通行,名词,2-U2,2
bilhete,票,名词,2-U2,2
estação,车站,名词,2-U2,1
aeroporto,机场,名词,2-U2,2
porto,港口,名词,2-U2,2
terminal,终点站,名词,2-U2,2
amor,爱,名词,2-U3,1
ódio,恨,名词,2-U3,2
alegria,快乐,名词,2-U3,1
tristeza,悲伤,名词,2-U3,1
raiva,愤怒,名词,2-U3,1
medo,恐惧,名词,2-U3,1
ciúmes,嫉妒,名词,2-U3,2
inveja,羡慕/嫉妒,名词,2-U3,2
saudade,思念/怀旧,名词,2-U3,2
esperança,希望,名词,2-U3,1
desespero,绝望,名词,2-U3,2
paz,和平,名词,2-U3,1
guerra,战争,名词,2-U3,2
calma,平静,名词,2-U3,2
ansiedade,焦虑,名词,2-U3,2
estresse,压力,名词,2-U3,2
depressão,抑郁,名词,2-U3,2
alívio,解脱,名词,2-U3,2
orgulho,骄傲,名词,2-U3,2
vergonha,羞耻,名词,2-U3,